id,Y
0,-0.7490816765475842
1,0.02242548721857766
2,1.0944883789804094
3,-0.14189516175862044
4,-0.7490816765475842
5,0.16759790662310348
6,-0.7490816765475842
7,1.358573009749886
8,-0.14189516175862044
9,-1.061751962077003
10,0.02242548721857766
11,1.0250554075272844
12,1.0944883789804094
13,0.37145343710841366
14,-0.5981722115741059
15,-0.5559200205943035
16,-0.9063795344175142
17,-0.2060006500365122
18,-0.5981722115741059
19,0.37145343710841366
20,-0.2060006500365122
21,0.12547444862877793
22,2.3024408214256047
23,0.29195601350444067
24,-0.9063795344175142
25,-0.2060006500365122
26,0.12547444862877793
27,0.5919109022025527
28,-0.7490816765475842
29,2.3024408214256047
30,1.0809713826171246
31,-0.0703801639996926
32,-0.2060006500365122
33,0.16759790662310348
34,-1.061751962077003
35,1.0944883789804094
36,0.5919109022025527
37,0.37145343710841366
38,1.4716619751771893
39,0.33722113668048864
40,0.33722113668048864
41,1.0250554075272844
42,0.5114473485788905
43,-0.7490816765475842
44,-0.28004587314844215
45,0.549426449102454
46,1.4997806438194436
47,1.4997806438194436
48,-0.28004587314844215
49,0.49343123315747167
50,-1.061751962077003
51,-0.2060006500365122
52,1.4997806438194436
53,-0.7490816765475842
54,-0.28004587314844215
55,0.33722113668048864
56,-0.2060006500365122
57,0.5114473485788905
58,1.4716619751771893
59,0.33722113668048864
60,1.358573009749886
61,0.02242548721857766
62,0.02242548721857766
63,-0.0703801639996926
64,0.5114473485788905
65,-0.29814524606759424
66,-0.29814524606759424
67,1.0944883789804094
68,0.549426449102454
69,-0.29814524606759424
70,0.02242548721857766
71,0.5919109022025527
72,-0.5981722115741059
73,-1.0267749686226315
74,-0.0703801639996926
75,-0.5981722115741059
76,0.16759790662310348
77,1.0944883789804094
78,0.02242548721857766
79,-0.5981722115741059
80,1.0809713826171246
81,0.12547444862877793
82,0.33722113668048864
83,-0.9063795344175142
84,0.5919109022025527
85,-1.0267749686226315
86,1.0944883789804094
87,0.02242548721857766
88,0.16759790662310348
89,1.0944883789804094
90,-1.6325048855144069
91,0.29195601350444067
92,-0.14189516175862044
93,0.02242548721857766
94,-0.29814524606759424
95,0.5114473485788905
96,0.16759790662310348
97,0.02242548721857766
98,0.16759790662310348
99,-0.5670984636513756
100,-0.14189516175862044
101,0.12547444862877793
102,-0.0703801639996926
103,0.549426449102454
104,1.0944883789804094
105,0.549426449102454
106,0.33722113668048864
107,0.02242548721857766
108,-0.5981722115741059
109,-0.44466789683582014
110,-0.2060006500365122
111,-0.5981722115741059
112,0.33722113668048864
113,-0.14189516175862044
114,-0.5670984636513756
115,0.29195601350444067
116,-0.0703801639996926
117,0.12547444862877793
118,0.549426449102454
119,0.33722113668048864
120,-1.2911392324022615
121,0.02242548721857766
122,-1.6325048855144069
123,0.12547444862877793
124,0.5114473485788905
125,0.02242548721857766
126,-1.061751962077003
127,1.0809713826171246
128,-0.9063795344175142
129,-0.0703801639996926
130,0.16759790662310348
131,0.5114473485788905
132,0.33722113668048864
133,-0.2060006500365122
134,0.12547444862877793
135,-1.6325048855144069
136,0.16759790662310348
137,1.4997806438194436
138,-0.5981722115741059
139,-0.07868212243518548
140,0.37145343710841366
141,0.12547444862877793
142,0.49343123315747167
143,1.358573009749886
144,-0.9063795344175142
145,0.33722113668048864
146,0.5919109022025527
147,0.16759790662310348
148,0.5114473485788905
149,-0.5559200205943035
150,-2.059311019191565
151,-0.9063795344175142
152,-0.2060006500365122
153,0.16759790662310348
154,-0.5981722115741059
155,1.0809713826171246
156,0.549426449102454
157,0.37145343710841366
158,-0.44466789683582014
159,0.12547444862877793
160,0.33722113668048864
161,0.12547444862877793
162,-1.2911392324022615
163,0.549426449102454
164,1.0944883789804094
165,0.02242548721857766
166,-0.29814524606759424
167,-0.2060006500365122
168,0.33722113668048864
169,-0.2060006500365122
170,0.02242548721857766
171,0.02242548721857766
172,-0.28004587314844215
173,1.0944883789804094
174,-0.5981722115741059
175,0.33722113668048864
176,1.0944883789804094
177,0.549426449102454
178,0.02242548721857766
179,-0.0703801639996926
180,0.549426449102454
181,0.02242548721857766
182,-1.2911392324022615
183,0.02242548721857766
184,-0.2060006500365122
185,1.0944883789804094
186,-0.9063795344175142
187,1.4997806438194436
188,-1.6325048855144069
189,0.02242548721857766
190,0.5114473485788905
191,1.4997806438194436
192,0.37145343710841366
193,0.16759790662310348
194,-1.6325048855144069
195,-0.5559200205943035
196,1.0250554075272844
197,-1.6325048855144069
198,-0.29814524606759424
199,0.16759790662310348
200,0.48414099575754765
201,-0.1600842938747378
202,0.48414099575754765
203,-1.2269838074984212
204,-2.6323824131414173
205,0.48414099575754765
206,0.48414099575754765
207,-1.2269838074984212
208,0.48414099575754765
209,0.24349584192111584
210,-2.489638145507431
211,0.48414099575754765
212,0.48414099575754765
213,0.48414099575754765
214,0.48414099575754765
215,-1.2269838074984212
216,0.48414099575754765
217,0.48414099575754765
218,0.48414099575754765
219,-2.489638145507431
220,-1.2269838074984212
221,0.48414099575754765
222,0.48414099575754765
223,-3.70101014487062
224,0.43862326866744566
225,0.48414099575754765
226,0.48414099575754765
227,0.48414099575754765
228,0.48414099575754765
229,0.48414099575754765
230,-2.489638145507431
231,-1.2269838074984212
232,0.48414099575754765
233,-0.17173127810332695
234,0.48414099575754765
235,0.48414099575754765
236,0.0724307610637124
237,0.43862326866744566
238,0.48414099575754765
239,0.48414099575754765
240,0.48414099575754765
241,0.48414099575754765
242,0.48414099575754765
243,0.48414099575754765
244,0.48414099575754765
245,0.48414099575754765
246,0.48414099575754765
247,0.48414099575754765
248,0.48414099575754765
249,-0.7765501280559791
250,0.48414099575754765
251,0.48414099575754765
252,-0.1600842938747378
253,0.48414099575754765
254,0.48414099575754765
255,0.48414099575754765
256,0.48414099575754765
257,0.0724307610637124
258,-1.2269838074984212
259,0.48414099575754765
260,0.48414099575754765
261,0.48414099575754765
262,0.48414099575754765
263,0.48414099575754765
264,-0.4568645059443841
265,0.48414099575754765
266,-0.1600842938747378
267,-0.17173127810332695
268,-0.1600842938747378
269,-0.05001504652527794
270,0.0724307610637124
271,0.48414099575754765
272,0.48414099575754765
273,0.48414099575754765
274,0.48414099575754765
275,0.48414099575754765
276,0.48414099575754765
277,0.48414099575754765
278,0.48414099575754765
279,0.48414099575754765
280,0.48414099575754765
281,0.48414099575754765
282,0.48414099575754765
283,-0.17173127810332695
284,0.48414099575754765
285,0.48414099575754765
286,-2.6323824131414173
287,-1.2269838074984212
288,-0.803094881494767
289,0.48414099575754765
290,0.48414099575754765
291,0.48414099575754765
292,0.48414099575754765
293,0.48414099575754765
294,0.48414099575754765
295,0.48414099575754765
296,0.0724307610637124
297,0.48414099575754765
298,0.48414099575754765
299,0.48414099575754765
300,0.48414099575754765
301,0.48414099575754765
302,0.48414099575754765
303,-1.7558532060611423
304,0.48414099575754765
305,-0.803094881494767
306,-1.2269838074984212
307,0.48414099575754765
308,0.48414099575754765
309,0.48414099575754765
310,-1.6991847305818497
311,0.48414099575754765
312,0.48414099575754765
313,-1.7558532060611423
314,0.48414099575754765
315,0.48414099575754765
316,0.48414099575754765
317,-1.6991847305818497
318,0.48414099575754765
319,0.48414099575754765
320,0.48414099575754765
321,0.48414099575754765
322,0.48414099575754765
323,0.48414099575754765
324,0.48414099575754765
325,-2.6323824131414173
326,0.48414099575754765
327,0.48414099575754765
328,-3.70101014487062
329,0.48414099575754765
330,0.48414099575754765
331,-0.7765501280559791
332,0.48414099575754765
333,0.2979942804242391
334,0.48414099575754765
335,0.48414099575754765
336,-0.1600842938747378
337,0.0724307610637124
338,-2.489638145507431
339,0.48414099575754765
340,0.48414099575754765
341,0.48414099575754765
342,0.48414099575754765
343,0.48414099575754765
344,-0.443494243437075
345,0.48414099575754765
346,-3.70101014487062
347,0.48414099575754765
348,0.48414099575754765
349,0.48414099575754765
350,-0.4568645059443841
351,0.48414099575754765
352,0.48414099575754765
353,0.48414099575754765
354,0.48414099575754765
355,0.48414099575754765
356,0.48414099575754765
357,0.48414099575754765
358,0.48414099575754765
359,0.48414099575754765
360,0.48414099575754765
361,0.48414099575754765
362,0.48414099575754765
363,0.48414099575754765
364,0.48414099575754765
365,0.48414099575754765
366,0.2979942804242391
367,0.48414099575754765
368,0.48414099575754765
369,0.48414099575754765
370,0.48414099575754765
371,0.48414099575754765
372,-0.4568645059443841
373,0.2979942804242391
374,0.48414099575754765
375,0.48414099575754765
376,0.48414099575754765
377,0.48414099575754765
378,-0.803094881494767
379,0.48414099575754765
380,-0.443494243437075
381,-3.70101014487062
382,0.48414099575754765
383,0.48414099575754765
384,0.48414099575754765
385,0.48414099575754765
386,0.48414099575754765
387,0.48414099575754765
388,-1.2269838074984212
389,-0.803094881494767
390,0.48414099575754765
391,0.48414099575754765
392,-2.6323824131414173
393,0.48414099575754765
394,-1.2269838074984212
395,0.48414099575754765
396,0.48414099575754765
397,0.48414099575754765
398,0.48414099575754765
399,0.48414099575754765
400,-0.48223529996580694
401,0.18935695428732902
402,-0.7027369656081276
403,0.39440851693639445
404,-0.562919917859248
405,0.22915562164387035
406,-0.8490006396815458
407,-0.8490006396815458
408,-0.8490006396815458
409,0.18935695428732902
410,-0.3867793352349691
411,1.0504140209173747
412,0.18935695428732902
413,-0.5337535642312677
414,-0.7577526961759821
415,-0.0181677000979335
416,0.18935695428732902
417,1.4849075654398856
418,1.4849075654398856
419,0.39440851693639445
420,-0.7027369656081276
421,-0.0102645591148679
422,-0.9074323492843165
423,-0.3867793352349691
424,0.22915562164387035
425,0.8076298883366887
426,-0.890066944267104
427,0.22915562164387035
428,1.0504140209173747
429,-0.890066944267104
430,-0.8102187524667163
431,2.0523745931695365
432,-0.8102187524667163
433,-0.8490006396815458
434,-0.7027369656081276
435,-0.3867793352349691
436,-0.8490006396815458
437,-0.9074323492843165
438,0.9211367345985736
439,-0.3867793352349691
440,-0.9074323492843165
441,0.39440851693639445
442,-0.8490006396815458
443,0.9211367345985736
444,3.1866366128309536
445,-0.7577526961759821
446,1.5485090333512244
447,1.518509355333875
448,-0.8490006396815458
449,-0.3867793352349691
450,-0.48223529996580694
451,0.18935695428732902
452,-0.7027369656081276
453,0.39440851693639445
454,-0.562919917859248
455,0.22915562164387035
456,-0.8490006396815458
457,-0.8490006396815458
458,-0.8490006396815458
459,0.18935695428732902
460,-0.3867793352349691
461,1.0504140209173747
462,0.18935695428732902
463,-0.5337535642312677
464,-0.7577526961759821
465,-0.0181677000979335
466,0.18935695428732902
467,1.4849075654398856
468,1.4849075654398856
469,0.39440851693639445
470,-0.7027369656081276
471,-0.0102645591148679
472,-0.9074323492843165
473,-0.3867793352349691
474,0.22915562164387035
475,0.8076298883366887
476,-0.890066944267104
477,0.22915562164387035
478,1.0504140209173747
479,-0.890066944267104
480,-0.8102187524667163
481,2.0523745931695365
482,-0.8102187524667163
483,-0.8490006396815458
484,-0.7027369656081276
485,-0.3867793352349691
486,-0.8490006396815458
487,-0.9074323492843165
488,0.9211367345985736
489,-0.3867793352349691
490,-0.9074323492843165
491,0.39440851693639445
492,-0.8490006396815458
493,0.9211367345985736
494,3.1866366128309536
495,-0.7577526961759821
496,1.5485090333512244
497,1.518509355333875
498,-0.8490006396815458
499,-0.3867793352349691
500,-0.48223529996580694
501,0.18935695428732902
502,-0.7027369656081276
503,0.39440851693639445
504,-0.562919917859248
505,0.22915562164387035
506,-0.8490006396815458
507,-0.8490006396815458
508,-0.8490006396815458
509,0.18935695428732902
510,-0.3867793352349691
511,1.0504140209173747
512,0.18935695428732902
513,-0.5337535642312677
514,-0.7577526961759821
515,-0.0181677000979335
516,0.18935695428732902
517,1.4849075654398856
518,1.4849075654398856
519,0.39440851693639445
520,-0.7027369656081276
521,-0.0102645591148679
522,-0.9074323492843165
523,-0.3867793352349691
524,0.22915562164387035
525,0.8076298883366887
526,-0.890066944267104
527,0.22915562164387035
528,1.0504140209173747
529,-0.890066944267104
530,-0.8102187524667163
531,2.0523745931695365
532,-0.8102187524667163
533,-0.8490006396815458
534,-0.7027369656081276
535,-0.3867793352349691
536,-0.8490006396815458
537,-0.9074323492843165
538,0.9211367345985736
539,-0.3867793352349691
540,-0.9074323492843165
541,0.39440851693639445
542,-0.8490006396815458
543,0.9211367345985736
544,3.1866366128309536
545,-0.7577526961759821
546,1.5485090333512244
547,1.518509355333875
548,-0.8490006396815458
549,-0.3867793352349691
550,-0.48223529996580694
551,0.18935695428732902
552,-0.7027369656081276
553,0.39440851693639445
554,-0.562919917859248
555,0.22915562164387035
556,-0.8490006396815458
557,-0.8490006396815458
558,-0.8490006396815458
559,0.18935695428732902
560,-0.3867793352349691
561,1.0504140209173747
562,0.18935695428732902
563,-0.5337535642312677
564,-0.7577526961759821
565,-0.0181677000979335
566,0.18935695428732902
567,1.4849075654398856
568,1.4849075654398856
569,0.39440851693639445
570,-0.7027369656081276
571,-0.0102645591148679
572,-0.9074323492843165
573,-0.3867793352349691
574,0.22915562164387035
575,0.8076298883366887
576,-0.890066944267104
577,0.22915562164387035
578,1.0504140209173747
579,-0.890066944267104
580,-0.8102187524667163
581,2.0523745931695365
582,-0.8102187524667163
583,-0.8490006396815458
584,-0.7027369656081276
585,-0.3867793352349691
586,-0.8490006396815458
587,-0.9074323492843165
588,0.9211367345985736
589,-0.3867793352349691
590,-0.9074323492843165
591,0.39440851693639445
592,-0.8490006396815458
593,0.9211367345985736
594,3.1866366128309536
595,-0.7577526961759821
596,1.5485090333512244
597,1.518509355333875
598,-0.8490006396815458
599,-0.3867793352349691
600,-0.6819110244064537
601,0.017522196670091462
602,0.017522196670091462
603,0.7956347026006547
604,-0.11148438887549277
605,-0.9331453938330324
606,0.6352177081529279
607,-0.6565917542023421
608,-0.48240697870185867
609,-0.3610564164981475
610,-0.6819110244064537
611,-0.9331453938330324
612,-1.0619018652765462
613,-0.5130757905584516
614,-1.2362054889710914
615,-0.9331453938330324
616,1.0254327222067774
617,-0.6819110244064537
618,0.11762367178517426
619,1.4498329020071659
620,0.017522196670091462
621,0.017522196670091462
622,0.6352177081529279
623,-1.0619018652765462
624,-0.5130757905584516
625,-0.1838610113910583
626,0.3129674317720707
627,0.017522196670091462
628,0.690164699198045
629,-1.0619018652765462
630,0.017522196670091462
631,-0.5130757905584516
632,0.017522196670091462
633,-0.5130757905584516
634,0.017522196670091462
635,1.322691757047285
636,0.017522196670091462
637,-0.6565917542023421
638,-0.9331453938330324
639,0.30067420311038273
640,1.4498329020071659
641,-0.6819110244064537
642,-1.0619018652765462
643,0.7956347026006547
644,0.017522196670091462
645,1.286400502351218
646,-0.2844371823687018
647,0.017522196670091462
648,0.690164699198045
649,-0.6819110244064537
650,-0.5784147129970756
651,-0.6819110244064537
652,0.690164699198045
653,-0.9331453938330324
654,0.2980762816057378
655,-0.9331453938330324
656,0.11762367178517426
657,-0.5130757905584516
658,0.3129674317720707
659,1.0254327222067774
660,-0.9331453938330324
661,-0.9331453938330324
662,0.2980762816057378
663,-0.5784147129970756
664,0.017522196670091462
665,1.9474801593890239
666,2.376679707074844
667,-0.2844371823687018
668,-0.9331453938330324
669,1.4498329020071659
670,-1.0555960207152022
671,-0.9331453938330324
672,0.3398328035880795
673,-0.9331453938330324
674,0.017522196670091462
675,0.11762367178517426
676,0.017522196670091462
677,0.7956347026006547
678,-0.6819110244064537
679,0.017522196670091462
680,0.017522196670091462
681,1.322691757047285
682,0.3129674317720707
683,0.017522196670091462
684,-0.6819110244064537
685,-0.6819110244064537
686,1.322691757047285
687,-0.2844371823687018
688,0.7798369103884389
689,0.30067420311038273
690,-0.6819110244064537
691,1.322691757047285
692,0.017522196670091462
693,-0.2844371823687018
694,-0.2844371823687018
695,0.017522196670091462
696,-0.2844371823687018
697,-0.9331453938330324
698,0.7798369103884389
699,0.017522196670091462
700,-1.0619018652765462
701,0.017522196670091462
702,-0.2844371823687018
703,-0.6565917542023421
704,-0.3610564164981475
705,-0.48240697870185867
706,-1.0619018652765462
707,-0.5130757905584516
708,-0.2844371823687018
709,1.322691757047285
710,-0.5784147129970756
711,-0.6565917542023421
712,-1.0619018652765462
713,0.017522196670091462
714,0.11762367178517426
715,0.017522196670091462
716,-0.9331453938330324
717,0.690164699198045
718,1.286400502351218
719,0.017522196670091462
720,-0.1838610113910583
721,1.9474801593890239
722,0.690164699198045
723,-0.5130757905584516
724,-0.9331453938330324
725,0.690164699198045
726,1.286400502351218
727,0.7798369103884389
728,-0.9331453938330324
729,-0.48240697870185867
730,0.3129674317720707
731,0.11762367178517426
732,-0.5130757905584516
733,-0.2844371823687018
734,-1.0555960207152022
735,1.4498329020071659
736,1.4498329020071659
737,1.0254327222067774
738,-1.0555960207152022
739,1.322691757047285
740,-0.9331453938330324
741,-0.3610564164981475
742,0.2980762816057378
743,1.9474801593890239
744,-0.9331453938330324
745,0.7798369103884389
746,-0.2844371823687018
747,0.11762367178517426
748,-1.0555960207152022
749,0.017522196670091462
750,1.286400502351218
751,0.11762367178517426
752,1.4498329020071659
753,1.9474801593890239
754,-0.2844371823687018
755,1.9474801593890239
756,0.017522196670091462
757,0.017522196670091462
758,-0.2844371823687018
759,0.11762367178517426
760,-1.0555960207152022
761,0.690164699198045
762,0.30067420311038273
763,0.7798369103884389
764,0.11762367178517426
765,-0.6565917542023421
766,0.30067420311038273
767,0.017522196670091462
768,0.7956347026006547
769,-0.9331453938330324
770,2.376679707074844
771,0.7956347026006547
772,0.017522196670091462
773,0.2980762816057378
774,-0.1838610113910583
775,0.3398328035880795
776,-0.5130757905584516
777,1.322691757047285
778,-1.0555960207152022
779,-0.48240697870185867
780,2.376679707074844
781,-0.6819110244064537
782,-0.9331453938330324
783,0.11762367178517426
784,-0.9331453938330324
785,-0.6819110244064537
786,0.017522196670091462
787,0.03663660580430753
788,-0.9331453938330324
789,0.11762367178517426
790,-0.9331453938330324
791,1.0254327222067774
792,1.286400502351218
793,-0.5784147129970756
794,0.017522196670091462
795,-0.6819110244064537
796,1.0254327222067774
797,-0.2844371823687018
798,-0.5130757905584516
799,2.376679707074844
800,0.5782221449079668
801,-0.013452987696729767
802,0.16415012735166246
803,0.5782221449079668
804,0.30178778467642897
805,-1.036383824709874
806,0.027366561220241725
807,0.4444039176248228
808,0.3260854645180789
809,-0.6507747382120447
810,0.30178778467642897
811,0.16462042652743666
812,0.16462042652743666
813,0.4444039176248228
814,-4.562627140580667
815,0.4444039176248228
816,0.4679793035336059
817,0.4444039176248228
818,-0.4590357991242347
819,-0.48452813614614443
820,0.027366561220241725
821,0.5782221449079668
822,0.5782221449079668
823,0.5782221449079668
824,0.3013970343841718
825,0.30178778467642897
826,-4.562627140580667
827,0.3013970343841718
828,0.30178778467642897
829,0.02463604524116618
830,0.3013970343841718
831,0.027366561220241725
832,0.4679793035336059
833,0.027366561220241725
834,0.30178778467642897
835,0.30178778467642897
836,0.6482582375562879
837,0.6482582375562879
838,0.5782221449079668
839,0.5782221449079668
840,0.027366561220241725
841,-0.21864908434945246
842,0.5782221449079668
843,0.7405142552939705
844,0.5782221449079668
845,0.6482582375562879
846,-0.5650925212399591
847,0.5782221449079668
848,0.16415012735166246
849,0.30178778467642897
850,0.16462042652743666
851,0.30178778467642897
852,0.30178778467642897
853,0.027366561220241725
854,0.7405142552939705
855,0.3260854645180789
856,0.4679793035336059
857,0.6482582375562879
858,-0.21864908434945246
859,0.16415012735166246
860,-4.562627140580667
861,0.027366561220241725
862,0.5782221449079668
863,0.7405142552939705
864,0.30178778467642897
865,0.30178778467642897
866,-1.2851574920747817
867,0.027366561220241725
868,0.027366561220241725
869,-0.21864908434945246
870,0.5782221449079668
871,0.5782221449079668
872,0.30178778467642897
873,0.5782221449079668
874,0.4679793035336059
875,0.3013970343841718
876,-0.48452813614614443
877,0.4444039176248228
878,0.30178778467642897
879,-4.562627140580667
880,0.4444039176248228
881,0.4444039176248228
882,0.30178778467642897
883,-0.21864908434945246
884,0.5782221449079668
885,0.027366561220241725
886,0.027366561220241725
887,-0.48452813614614443
888,-0.783571243519556
889,-0.25880041145228116
890,0.30178778467642897
891,0.3013970343841718
892,0.5782221449079668
893,-0.21864908434945246
894,-0.2619488226073448
895,0.4679793035336059
896,-4.562627140580667
897,0.30178778467642897
898,0.3260854645180789
899,0.4444039176248228
900,0.7405142552939705
901,0.3260854645180789
902,0.027366561220241725
903,-0.5650925212399591
904,0.4679793035336059
905,0.30178778467642897
906,0.4444039176248228
907,-0.25880041145228116
908,0.30178778467642897
909,-0.2619488226073448
910,-0.013452987696729767
911,0.3013970343841718
912,0.30178778467642897
913,0.4679793035336059
914,0.4679793035336059
915,0.3013970343841718
916,-4.562627140580667
917,0.7405142552939705
918,0.027366561220241725
919,0.7405142552939705
920,-0.2619488226073448
921,-0.25880041145228116
922,0.30178778467642897
923,0.16462042652743666
924,0.4444039176248228
925,0.16462042652743666
926,-0.2619488226073448
927,-0.25880041145228116
928,0.3260854645180789
929,-1.036383824709874
930,0.5782221449079668
931,0.4679793035336059
932,0.4444039176248228
933,0.7405142552939705
934,0.30178778467642897
935,0.3013970343841718
936,0.5782221449079668
937,0.16462042652743666
938,-0.013452987696729767
939,0.16462042652743666
940,0.16415012735166246
941,0.5782221449079668
942,0.7405142552939705
943,0.5782221449079668
944,-0.5650925212399591
945,0.5782221449079668
946,0.3260854645180789
947,-0.2619488226073448
948,0.015173404071545915
949,0.3013970343841718
950,0.3013970343841718
951,0.4679793035336059
952,0.5782221449079668
953,0.027366561220241725
954,-0.013452987696729767
955,0.5782221449079668
956,0.027366561220241725
957,0.027366561220241725
958,0.6482582375562879
959,0.30178778467642897
960,0.5782221449079668
961,0.3013970343841718
962,-0.48452813614614443
963,-0.25880041145228116
964,0.015173404071545915
965,-4.562627140580667
966,0.027366561220241725
967,0.4444039176248228
968,0.5782221449079668
969,0.30178778467642897
970,0.5782221449079668
971,0.7405142552939705
972,0.16462042652743666
973,0.16462042652743666
974,0.3260854645180789
975,0.5782221449079668
976,0.30178778467642897
977,0.4679793035336059
978,0.30178778467642897
979,0.027366561220241725
980,-0.2619488226073448
981,0.4679793035336059
982,-4.553463553684855
983,0.027366561220241725
984,0.027366561220241725
985,0.015173404071545915
986,0.5782221449079668
987,-0.2619488226073448
988,0.16462042652743666
989,0.027366561220241725
990,0.30178778467642897
991,0.4679793035336059
992,0.7405142552939705
993,-0.21864908434945246
994,0.4444039176248228
995,0.30178778467642897
996,0.4679793035336059
997,-0.2619488226073448
998,0.30178778467642897
999,0.4679793035336059
1000,0.39180372451907264
1001,0.0908094318586229
1002,0.17687430861710124
1003,-0.1674490714651116
1004,-1.0469642123871117
1005,0.602215677035628
1006,0.6529376265194085
1007,0.39180372451907264
1008,-0.572809703663229
1009,0.6529376265194085
1010,-0.1674490714651116
1011,0.0908094318586229
1012,0.39180372451907264
1013,-0.9843160812938536
1014,-0.13009033418448301
1015,-0.17506724370056564
1016,-0.1674490714651116
1017,0.7370276739732678
1018,-0.5326289128697644
1019,0.6529376265194085
1020,0.39180372451907264
1021,0.39180372451907264
1022,-0.1674490714651116
1023,-0.1674490714651116
1024,-0.06198234611414733
1025,-0.2851092339470475
1026,1.775329243147354
1027,1.830630367622334
1028,0.602215677035628
1029,-1.0469642123871117
1030,-1.2901528805436187
1031,1.5834432981279343
1032,0.7370276739732678
1033,-0.572809703663229
1034,0.0908094318586229
1035,1.112447510960229
1036,-1.5492516676294532
1037,-0.1674490714651116
1038,0.33234308215098
1039,0.39180372451907264
1040,0.6529376265194085
1041,-1.4718269433938824
1042,-0.06198234611414733
1043,-0.8182855007991255
1044,1.830630367622334
1045,1.775329243147354
1046,-0.1674490714651116
1047,0.7370276739732678
1048,0.39180372451907264
1049,-0.1674490714651116
1050,-1.2901528805436187
1051,0.0908094318586229
1052,0.6529376265194085
1053,-1.2901528805436187
1054,0.6529376265194085
1055,0.39180372451907264
1056,0.6529376265194085
1057,-0.20434594443592746
1058,0.602215677035628
1059,0.39180372451907264
1060,0.602215677035628
1061,-0.1674490714651116
1062,-0.1674490714651116
1063,-1.5492516676294532
1064,1.5315497968630978
1065,0.0908094318586229
1066,0.6529376265194085
1067,-1.2901528805436187
1068,-1.0469642123871117
1069,-0.795458842588461
1070,0.602215677035628
1071,-0.8182855007991255
1072,0.39180372451907264
1073,-1.2901528805436187
1074,0.602215677035628
1075,-0.1674490714651116
1076,-0.06198234611414733
1077,-0.572809703663229
1078,0.6529376265194085
1079,-0.39994002475021134
1080,-0.06198234611414733
1081,-0.9491024968194816
1082,0.39180372451907264
1083,0.602215677035628
1084,-0.17506724370056564
1085,-0.1674490714651116
1086,-0.13009033418448301
1087,-1.4718269433938824
1088,-0.1674490714651116
1089,-1.2901528805436187
1090,0.39180372451907264
1091,-1.2901528805436187
1092,0.39180372451907264
1093,-0.795458842588461
1094,-1.0469642123871117
1095,0.17687430861710124
1096,-0.1674490714651116
1097,1.5834432981279343
1098,-1.5492516676294532
1099,0.7370276739732678
1100,-0.1674490714651116
1101,-1.2901528805436187
1102,-0.795458842588461
1103,0.0908094318586229
1104,0.9567648847132834
1105,0.7370276739732678
1106,-1.5492516676294532
1107,0.0908094318586229
1108,-0.795458842588461
1109,0.7370276739732678
1110,1.775329243147354
1111,0.39180372451907264
1112,-0.1674490714651116
1113,-0.1674490714651116
1114,-0.795458842588461
1115,-1.5492516676294532
1116,-0.8182855007991255
1117,-1.2901528805436187
1118,-1.2901528805436187
1119,-0.17506724370056564
1120,0.39180372451907264
1121,0.602215677035628
1122,0.39180372451907264
1123,-1.5492516676294532
1124,-1.3422906439640423
1125,-1.5492516676294532
1126,1.5834432981279343
1127,-0.9843160812938536
1128,0.17687430861710124
1129,1.775329243147354
1130,0.6529376265194085
1131,0.17687430861710124
1132,-0.572809703663229
1133,0.39180372451907264
1134,-0.572809703663229
1135,0.602215677035628
1136,-0.20434594443592746
1137,0.9567648847132834
1138,1.775329243147354
1139,-0.06198234611414733
1140,0.0908094318586229
1141,-0.9843160812938536
1142,-0.8182855007991255
1143,0.39180372451907264
1144,-0.1674490714651116
1145,-0.1674490714651116
1146,-0.20434594443592746
1147,0.7370276739732678
1148,-0.8585823552482654
1149,-1.2901528805436187
1150,-0.1674490714651116
1151,0.0908094318586229
1152,-0.572809703663229
1153,-0.1674490714651116
1154,0.39180372451907264
1155,-0.1674490714651116
1156,0.39180372451907264
1157,0.0908094318586229
1158,1.112447510960229
1159,-0.1674490714651116
1160,0.39180372451907264
1161,-0.572809703663229
1162,0.7370276739732678
1163,-0.572809703663229
1164,0.17687430861710124
1165,0.7370276739732678
1166,1.830630367622334
1167,-0.13009033418448301
1168,0.39180372451907264
1169,-0.13009033418448301
1170,0.39180372451907264
1171,0.05382468865029357
1172,-0.1674490714651116
1173,0.6529376265194085
1174,1.775329243147354
1175,-0.06198234611414733
1176,-0.20434594443592746
1177,-0.8182855007991255
1178,-1.2407686606327
1179,0.05382468865029357
1180,-1.2901528805436187
1181,0.05382468865029357
1182,-0.572809703663229
1183,-0.1674490714651116
1184,-1.5492516676294532
1185,-1.2407686606327
1186,0.602215677035628
1187,0.39180372451907264
1188,-0.8182855007991255
1189,-0.20434594443592746
1190,-1.5492516676294532
1191,-0.572809703663229
1192,-1.2901528805436187
1193,-0.9843160812938536
1194,1.775329243147354
1195,0.39180372451907264
1196,2.3144021759863906
1197,0.05382468865029357
1198,-1.5492516676294532
1199,0.602215677035628
1200,-0.8204743581884228
1201,0.825868893152129
1202,-0.18626043658343175
1203,-0.8204743581884228
1204,-0.6263205219878797
1205,1.0332559440781923
1206,-0.7891506871906211
1207,-0.8204743581884228
1208,2.671672622058101
1209,-0.8043581306488695
1210,0.6404282200322486
1211,-0.885775388911695
1212,-0.7117838521045197
1213,0.825868893152129
1214,-0.19929838874120123
1215,0.7745799310944645
1216,0.07249506283461661
1217,0.6404282200322486
1218,1.3590853456261547
1219,-0.6263205219878797
1220,0.6404282200322486
1221,-0.5707684930076734
1222,-0.8204743581884228
1223,-0.04041167550478871
1224,0.6404282200322486
1225,-0.5423325872769132
1226,0.7745799310944645
1227,-0.18626043658343175
1228,2.411461089957136
1229,0.6404282200322486
1230,-0.8204743581884228
1231,-0.4399519489882707
1232,0.598151622985193
1233,-0.6263205219878797
1234,-0.7117838521045197
1235,-0.19929838874120123
1236,1.4696750599364459
1237,1.759248343870066
1238,-0.885775388911695
1239,-0.8204743581884228
1240,3.539255349938032
1241,0.3270809213711893
1242,1.8928941947722702
1243,-0.7117838521045197
1244,1.8928941947722702
1245,0.05691126134723005
1246,-0.8204743581884228
1247,0.6404282200322486
1248,-0.18626043658343175
1249,-0.5423325872769132
1250,-0.885775388911695
1251,-0.6234559873991865
1252,-0.7891506871906211
1253,-0.5707684930076734
1254,1.3590853456261547
1255,-0.6263205219878797
1256,-0.8204743581884228
1257,-0.8204743581884228
1258,-0.885775388911695
1259,-0.6263205219878797
1260,-0.40127825922557314
1261,-0.8204743581884228
1262,0.598151622985193
1263,-0.3702294044738355
1264,-0.4399519489882707
1265,-0.7891506871906211
1266,-0.5423325872769132
1267,-0.7891506871906211
1268,2.8764463606529973
1269,-0.7891506871906211
1270,-0.7117838521045197
1271,1.3590853456261547
1272,-0.7891506871906211
1273,1.3590853456261547
1274,-0.6263205219878797
1275,0.7745799310944645
1276,2.671672622058101
1277,-0.7117838521045197
1278,2.671672622058101
1279,2.671672622058101
1280,-0.18626043658343175
1281,-0.7891506871906211
1282,-0.4399519489882707
1283,-0.5423325872769132
1284,-0.885775388911695
1285,1.8928941947722702
1286,-0.19929838874120123
1287,1.2078244634043063
1288,1.759248343870066
1289,-0.40127825922557314
1290,1.8928941947722702
1291,-0.7891506871906211
1292,2.411461089957136
1293,0.2946834581876496
1294,-0.5707684930076734
1295,0.2946834581876496
1296,-0.7117838521045197
1297,0.2946834581876496
1298,-0.6263205219878797
1299,0.3270809213711893
1300,1.3590853456261547
1301,-0.885775388911695
1302,2.411461089957136
1303,0.598151622985193
1304,-0.885775388911695
1305,-0.7891506871906211
1306,2.411461089957136
1307,-0.19929838874120123
1308,1.759248343870066
1309,-0.4399519489882707
1310,1.3590853456261547
1311,-0.6263205219878797
1312,0.6404282200322486
1313,-0.2585132597269545
1314,-0.3702294044738355
1315,-0.8204743581884228
1316,-0.18626043658343175
1317,0.3270809213711893
1318,0.598151622985193
1319,-0.40127825922557314
1320,-0.885775388911695
1321,-0.7891506871906211
1322,0.2946834581876496
1323,-0.885775388911695
1324,-0.8204743581884228
1325,1.4696750599364459
1326,0.3270809213711893
1327,-0.36361468931022733
1328,-0.7891506871906211
1329,-0.6263205219878797
1330,1.0332559440781923
1331,-0.18273482363719684
1332,-0.7891506871906211
1333,0.7745799310944645
1334,2.671672622058101
1335,-0.7117838521045197
1336,-0.885775388911695
1337,2.671672622058101
1338,-0.7891506871906211
1339,-0.2585132597269545
1340,-0.7891506871906211
1341,-0.8204743581884228
1342,0.05691126134723005
1343,0.3270809213711893
1344,-0.8204743581884228
1345,-0.8204743581884228
1346,0.3270809213711893
1347,-0.7891506871906211
1348,-0.885775388911695
1349,-0.7891506871906211
1350,1.759248343870066
1351,-0.18626043658343175
1352,-0.18626043658343175
1353,2.411461089957136
1354,-0.3702294044738355
1355,0.05691126134723005
1356,-0.7891506871906211
1357,-0.6263205219878797
1358,0.598151622985193
1359,-0.18626043658343175
1360,-0.7891506871906211
1361,-0.19929838874120123
1362,-0.5423325872769132
1363,-0.36361468931022733
1364,-0.5423325872769132
1365,-0.7891506871906211
1366,-0.5423325872769132
1367,-0.11216687200839932
1368,-0.8204743581884228
1369,-0.8204743581884228
1370,-0.7117838521045197
1371,-0.04041167550478871
1372,-0.5423325872769132
1373,-0.6263205219878797
1374,-0.5707684930076734
1375,-0.6263205219878797
1376,1.0332559440781923
1377,-0.8204743581884228
1378,0.2946834581876496
1379,0.07249506283461661
1380,-0.8204743581884228
1381,-0.5707684930076734
1382,-0.7117838521045197
1383,0.05691126134723005
1384,0.05691126134723005
1385,-0.7891506871906211
1386,-0.8204743581884228
1387,-0.7891506871906211
1388,2.671672622058101
1389,2.671672622058101
1390,-0.2585132597269545
1391,0.05691126134723005
1392,-0.6263205219878797
1393,-0.2585132597269545
1394,-0.36361468931022733
1395,-0.8204743581884228
1396,0.05691126134723005
1397,-0.6263205219878797
1398,-0.19929838874120123
1399,-0.3702294044738355
1400,-0.1278550937988487
1401,-0.11728485593133917
1402,-0.1489475244348618
1403,-0.13221167007492157
1404,-0.1489475244348618
1405,0.866734718966094
1406,-0.1489475244348618
1407,-0.11728485593133917
1408,-0.1489475244348618
1409,-0.11728485593133917
1410,-0.1489475244348618
1411,-0.03673021769109813
1412,-0.1489475244348618
1413,-0.1489475244348618
1414,-0.03673021769109813
1415,-0.1489475244348618
1416,-0.1489475244348618
1417,-0.1489475244348618
1418,-0.03673021769109813
1419,-0.11728485593133917
1420,-0.1489475244348618
1421,-0.03673021769109813
1422,-0.11728485593133917
1423,1.1341325622598881
1424,-0.1489475244348618
1425,-0.03673021769109813
1426,-0.18271111239930699
1427,-0.1489475244348618
1428,-0.18271111239930699
1429,-0.03673021769109813
1430,-0.1489475244348618
1431,-0.1489475244348618
1432,-0.18271111239930699
1433,-0.13221167007492157
1434,-0.1489475244348618
1435,-0.1489475244348618
1436,0.3017693442541893
1437,-0.03673021769109813
1438,-0.195226333880088
1439,-0.0649947195591581
1440,-0.1489475244348618
1441,-0.1489475244348618
1442,-0.11728485593133917
1443,-0.1489475244348618
1444,-0.1489475244348618
1445,1.9859568374576093
1446,-0.03673021769109813
1447,-0.04137813007032043
1448,-0.11728485593133917
1449,-0.11728485593133917
1450,0.2209492905577976
1451,-0.03673021769109813
1452,-0.0935859786742475
1453,16.9347081519858
1454,-0.03673021769109813
1455,1.1341325622598881
1456,-0.11728485593133917
1457,-0.1489475244348618
1458,-0.05120179345858202
1459,-0.04137813007032043
1460,-0.11728485593133917
1461,-0.03673021769109813
1462,-0.11728485593133917
1463,-0.1489475244348618
1464,-0.1489475244348618
1465,-0.0935859786742475
1466,-0.18271111239930699
1467,-0.1489475244348618
1468,0.866734718966094
1469,-0.03673021769109813
1470,-0.03673021769109813
1471,-0.11728485593133917
1472,-0.03673021769109813
1473,0.3017693442541893
1474,-0.0935859786742475
1475,-0.1489475244348618
1476,-0.03673021769109813
1477,-0.1489475244348618
1478,-0.11728485593133917
1479,-0.03673021769109813
1480,-0.04137813007032043
1481,-0.11728485593133917
1482,-0.11728485593133917
1483,-0.1489475244348618
1484,-0.1489475244348618
1485,0.866734718966094
1486,-0.1489475244348618
1487,-0.13221167007492157
1488,-0.1489475244348618
1489,-0.195226333880088
1490,-0.1489475244348618
1491,-0.18271111239930699
1492,-0.1489475244348618
1493,-0.18271111239930699
1494,-0.11728485593133917
1495,1.1341325622598881
1496,-0.04137813007032043
1497,-0.11728485593133917
1498,-0.04137813007032043
1499,-0.03673021769109813
1500,-0.1278550937988487
1501,-0.11728485593133917
1502,-0.1489475244348618
1503,-0.13221167007492157
1504,-0.1489475244348618
1505,0.866734718966094
1506,-0.1489475244348618
1507,-0.11728485593133917
1508,-0.1489475244348618
1509,-0.11728485593133917
1510,-0.1489475244348618
1511,-0.03673021769109813
1512,-0.1489475244348618
1513,-0.1489475244348618
1514,-0.03673021769109813
1515,-0.1489475244348618
1516,-0.1489475244348618
1517,-0.1489475244348618
1518,-0.03673021769109813
1519,-0.11728485593133917
1520,-0.1489475244348618
1521,-0.03673021769109813
1522,-0.11728485593133917
1523,1.1341325622598881
1524,-0.1489475244348618
1525,-0.03673021769109813
1526,-0.18271111239930699
1527,-0.1489475244348618
1528,-0.18271111239930699
1529,-0.03673021769109813
1530,-0.1489475244348618
1531,-0.1489475244348618
1532,-0.18271111239930699
1533,-0.13221167007492157
1534,-0.1489475244348618
1535,-0.1489475244348618
1536,0.3017693442541893
1537,-0.03673021769109813
1538,-0.195226333880088
1539,-0.0649947195591581
1540,-0.1489475244348618
1541,-0.1489475244348618
1542,-0.11728485593133917
1543,-0.1489475244348618
1544,-0.1489475244348618
1545,1.9859568374576093
1546,-0.03673021769109813
1547,-0.04137813007032043
1548,-0.11728485593133917
1549,-0.11728485593133917
1550,0.2209492905577976
1551,-0.03673021769109813
1552,-0.0935859786742475
1553,16.9347081519858
1554,-0.03673021769109813
1555,1.1341325622598881
1556,-0.11728485593133917
1557,-0.1489475244348618
1558,-0.05120179345858202
1559,-0.04137813007032043
1560,-0.11728485593133917
1561,-0.03673021769109813
1562,-0.11728485593133917
1563,-0.1489475244348618
1564,-0.1489475244348618
1565,-0.0935859786742475
1566,-0.18271111239930699
1567,-0.1489475244348618
1568,0.866734718966094
1569,-0.03673021769109813
1570,-0.03673021769109813
1571,-0.11728485593133917
1572,-0.03673021769109813
1573,0.3017693442541893
1574,-0.0935859786742475
1575,-0.1489475244348618
1576,-0.03673021769109813
1577,-0.1489475244348618
1578,-0.11728485593133917
1579,-0.03673021769109813
1580,-0.04137813007032043
1581,-0.11728485593133917
1582,-0.11728485593133917
1583,-0.1489475244348618
1584,-0.1489475244348618
1585,0.866734718966094
1586,-0.1489475244348618
1587,-0.13221167007492157
1588,-0.1489475244348618
1589,-0.195226333880088
1590,-0.1489475244348618
1591,-0.18271111239930699
1592,-0.1489475244348618
1593,-0.18271111239930699
1594,-0.11728485593133917
1595,1.1341325622598881
1596,-0.04137813007032043
1597,-0.11728485593133917
1598,-0.04137813007032043
1599,-0.03673021769109813
1600,-0.5389666475463922
1601,-0.411403403018932
1602,-0.21025905057231697
1603,-0.5389666475463922
1604,-0.16201870311427963
1605,-0.29091089992425817
1606,-0.411403403018932
1607,2.391644081415709
1608,-0.29091089992425817
1609,-0.411403403018932
1610,-0.5389666475463922
1611,-0.411403403018932
1612,0.2974602337802866
1613,-0.29091089992425817
1614,-0.411403403018932
1615,0.20043427306724917
1616,0.18716433147153497
1617,-0.29091089992425817
1618,-0.5389666475463922
1619,0.20043427306724917
1620,-0.5389666475463922
1621,2.391644081415709
1622,-0.29091089992425817
1623,1.9969186207578213
1624,0.20043427306724917
1625,1.598889867852607
1626,-0.5389666475463922
1627,-0.21025905057231697
1628,-0.5389666475463922
1629,-0.2943290441984381
1630,-0.29091089992425817
1631,-0.411403403018932
1632,-0.16201870311427963
1633,-0.5389666475463922
1634,-0.29091089992425817
1635,-0.5389666475463922
1636,-0.29091089992425817
1637,2.391644081415709
1638,-0.5389666475463922
1639,-0.5389666475463922
1640,2.391644081415709
1641,-0.5389666475463922
1642,-0.16201870311427963
1643,-0.5389666475463922
1644,1.598889867852607
1645,0.6559305140743328
1646,-0.5389666475463922
1647,1.3499991191113614
1648,-0.5389666475463922
1649,0.08022974691363084
1650,-0.411403403018932
1651,0.2974602337802866
1652,0.48809851837704754
1653,-0.29091089992425817
1654,0.2974602337802866
1655,-0.411403403018932
1656,0.2974602337802866
1657,-0.5389666475463922
1658,-0.29091089992425817
1659,-0.411403403018932
1660,0.6559305140743328
1661,0.18716433147153497
1662,-0.5389666475463922
1663,-0.46822029103660945
1664,1.2324414340605474
1665,0.08022974691363084
1666,-0.29091089992425817
1667,-0.2943290441984381
1668,2.391644081415709
1669,0.20043427306724917
1670,-0.411403403018932
1671,-0.16201870311427963
1672,-0.5389666475463922
1673,-0.2943290441984381
1674,0.48809851837704754
1675,-0.29091089992425817
1676,-0.411403403018932
1677,-0.29091089992425817
1678,0.20043427306724917
1679,0.48809851837704754
1680,0.6559305140743328
1681,-0.5389666475463922
1682,-0.411403403018932
1683,0.21292182949865857
1684,-0.5389666475463922
1685,-0.5389666475463922
1686,-0.5389666475463922
1687,-0.21025905057231697
1688,0.08022974691363084
1689,0.7551161198509247
1690,-0.411403403018932
1691,-0.411403403018932
1692,-0.5389666475463922
1693,1.9969186207578213
1694,1.1711202522884434
1695,-0.29091089992425817
1696,0.7469890445167526
1697,0.20043427306724917
1698,-0.29091089992425817
1699,-0.411403403018932
1700,0.08022974691363084
1701,-0.2943290441984381
1702,-0.5389666475463922
1703,-0.2943290441984381
1704,-0.5389666475463922
1705,-0.29091089992425817
1706,-0.21025905057231697
1707,0.18716433147153497
1708,-0.411403403018932
1709,0.7551161198509247
1710,-0.411403403018932
1711,-0.411403403018932
1712,-0.2943290441984381
1713,0.48809851837704754
1714,0.5230454383968737
1715,-0.2943290441984381
1716,-0.29091089992425817
1717,-0.2943290441984381
1718,1.598889867852607
1719,-0.5389666475463922
1720,-0.5389666475463922
1721,0.20043427306724917
1722,-0.29091089992425817
1723,-0.411403403018932
1724,-0.2943290441984381
1725,-0.21025905057231697
1726,-0.29091089992425817
1727,-0.2943290441984381
1728,-0.46822029103660945
1729,0.20043427306724917
1730,1.3499991191113614
1731,-0.46822029103660945
1732,-0.5389666475463922
1733,0.20043427306724917
1734,-0.2943290441984381
1735,1.9969186207578213
1736,0.7469890445167526
1737,0.48809851837704754
1738,-0.29091089992425817
1739,-0.5389666475463922
1740,-0.411403403018932
1741,0.20043427306724917
1742,-0.21025905057231697
1743,0.08022974691363084
1744,0.7469890445167526
1745,-0.46822029103660945
1746,-0.21025905057231697
1747,2.391644081415709
1748,0.6559305140743328
1749,0.21292182949865857
1750,0.48809851837704754
1751,1.1711202522884434
1752,0.20043427306724917
1753,0.5230454383968737
1754,0.7551161198509247
1755,-0.5389666475463922
1756,-0.29091089992425817
1757,0.5230454383968737
1758,0.7469890445167526
1759,0.08022974691363084
1760,-0.2943290441984381
1761,0.6559305140743328
1762,-0.5389666475463922
1763,-0.5389666475463922
1764,-0.411403403018932
1765,-0.46822029103660945
1766,-0.5389666475463922
1767,-0.16201870311427963
1768,-0.29091089992425817
1769,-0.5389666475463922
1770,0.6559305140743328
1771,0.5230454383968737
1772,1.2324414340605474
1773,-0.29091089992425817
1774,-0.5389666475463922
1775,0.7787484245342715
1776,-0.29091089992425817
1777,-0.2943290441984381
1778,1.9969186207578213
1779,-0.2943290441984381
1780,-0.5389666475463922
1781,-0.2943290441984381
1782,0.20043427306724917
1783,-0.5389666475463922
1784,-0.5389666475463922
1785,2.391644081415709
1786,-0.5389666475463922
1787,0.5230454383968737
1788,-0.5389666475463922
1789,-0.411403403018932
1790,0.09613143607726816
1791,0.48809851837704754
1792,-0.21025905057231697
1793,0.48809851837704754
1794,-0.29091089992425817
1795,-0.21025905057231697
1796,-0.5389666475463922
1797,0.6559305140743328
1798,-0.2943290441984381
1799,0.21292182949865857
1800,-0.6293210045865396
1801,1.5787424412481048
1802,-0.6931240284387357
1803,0.14536405319948908
1804,-0.6899111783001188
1805,1.5787424412481048
1806,1.5787424412481048
1807,-0.6899111783001188
1808,1.5787424412481048
1809,0.14463519825895643
1810,-0.6933972797177386
1811,-0.6899111783001188
1812,0.14463519825895643
1813,-0.6899111783001188
1814,1.5787424412481048
1815,-0.69377173517415
1816,-0.03755863662514802
1817,1.5787424412481048
1818,1.5787424412481048
1819,1.5787424412481048
1820,-0.6933972797177386
1821,1.5787424412481048
1822,-0.69377173517415
1823,-0.6293210045865396
1824,-0.69377173517415
1825,0.29568046489598865
1826,-0.6899111783001188
1827,-0.47414683015467385
1828,-0.6899111783001188
1829,-0.6494588177663666
1830,-0.6899111783001188
1831,-0.69377173517415
1832,-0.6933972797177386
1833,-0.47414683015467385
1834,-0.6318749921805775
1835,-0.6899111783001188
1836,-0.6318749921805775
1837,1.5787424412481048
1838,-0.6293210045865396
1839,1.5787424412481048
1840,-0.69377173517415
1841,0.14463519825895643
1842,-0.69377173517415
1843,-0.5809397097091633
1844,-0.4221667107903885
1845,1.5787424412481048
1846,-0.6293210045865396
1847,-0.6899111783001188
1848,-0.47414683015467385
1849,-0.6899111783001188
1850,1.5787424412481048
1851,0.9014544545933408
1852,-0.6293210045865396
1853,-0.69377173517415
1854,1.5787424412481048
1855,-0.6293210045865396
1856,1.5787424412481048
1857,-0.69377173517415
1858,-0.6933972797177386
1859,-0.6293210045865396
1860,-0.6899111783001188
1861,-0.6899111783001188
1862,-0.6933972797177386
1863,-0.69377173517415
1864,1.5787424412481048
1865,-0.6899111783001188
1866,0.9014544545933408
1867,-0.6899111783001188
1868,1.5787424412481048
1869,-0.69377173517415
1870,1.5787424412481048
1871,1.5787424412481048
1872,0.29568046489598865
1873,-0.69377173517415
1874,-0.6899111783001188
1875,-0.69377173517415
1876,-0.5809397097091633
1877,0.9014544545933408
1878,1.5787424412481048
1879,-0.69377173517415
1880,-0.6293210045865396
1881,-0.6899111783001188
1882,-0.6933972797177386
1883,-0.03755863662514802
1884,-0.69377173517415
1885,-0.69377173517415
1886,-0.69377173517415
1887,1.5787424412481048
1888,-0.6931240284387357
1889,-0.69377173517415
1890,0.29568046489598865
1891,-0.69377173517415
1892,-0.6293210045865396
1893,1.5787424412481048
1894,-0.6293210045865396
1895,1.5787424412481048
1896,-0.6899111783001188
1897,1.5787424412481048
1898,-0.6611977459562234
1899,1.5787424412481048
1900,0.9014544545933408
1901,-0.6293210045865396
1902,0.9014544545933408
1903,-0.6899111783001188
1904,-0.69377173517415
1905,1.5787424412481048
1906,1.5787424412481048
1907,-0.6933972797177386
1908,-0.5809397097091633
1909,-0.6931240284387357
1910,-0.4221667107903885
1911,1.5787424412481048
1912,-0.69377173517415
1913,-0.6899111783001188
1914,-0.69377173517415
1915,-0.6899111783001188
1916,-0.6293210045865396
1917,0.14536405319948908
1918,1.5787424412481048
1919,1.5787424412481048
1920,-0.6293210045865396
1921,-0.3998242018911728
1922,0.9014544545933408
1923,-0.69377173517415
1924,1.5787424412481048
1925,1.5787424412481048
1926,1.5787424412481048
1927,1.5787424412481048
1928,-0.69377173517415
1929,-0.6899111783001188
1930,-0.69377173517415
1931,1.5787424412481048
1932,-0.69377173517415
1933,-0.6853224838499946
1934,-0.6318749921805775
1935,-0.6886727672570583
1936,-0.6611977459562234
1937,-0.6899111783001188
1938,-0.6853224838499946
1939,-0.69377173517415
1940,1.5787424412481048
1941,-0.6899111783001188
1942,1.5787424412481048
1943,1.5787424412481048
1944,0.10375700084181314
1945,1.5787424412481048
1946,-0.6899111783001188
1947,-0.6318749921805775
1948,-0.6931240284387357
1949,-0.6766537714524843
1950,-0.6766537714524843
1951,-0.6899111783001188
1952,-0.6899111783001188
1953,-0.3998242018911728
1954,1.5787424412481048
1955,-0.69377173517415
1956,-0.6293210045865396
1957,-0.6293210045865396
1958,1.5787424412481048
1959,-0.69377173517415
1960,-0.6611977459562234
1961,1.5787424412481048
1962,-0.6494588177663666
1963,-0.69377173517415
1964,1.5787424412481048
1965,-0.6853224838499946
1966,-0.6899111783001188
1967,1.5787424412481048
1968,1.5787424412481048
1969,-0.69377173517415
1970,-0.69377173517415
1971,-0.69377173517415
1972,-0.6494588177663666
1973,1.5787424412481048
1974,-0.69377173517415
1975,-0.5809397097091633
1976,1.5787424412481048
1977,1.5787424412481048
1978,-0.6899111783001188
1979,-0.6293210045865396
1980,-0.47414683015467385
1981,1.5787424412481048
1982,1.5787424412481048
1983,0.29568046489598865
1984,1.5787424412481048
1985,1.5787424412481048
1986,-0.6933972797177386
1987,-0.69377173517415
1988,-0.47414683015467385
1989,-0.69377173517415
1990,-0.6931240284387357
1991,1.5787424412481048
1992,-0.6899111783001188
1993,-0.6899111783001188
1994,1.5787424412481048
1995,1.5787424412481048
1996,1.5787424412481048
1997,-0.69377173517415
1998,0.29568046489598865
1999,1.5787424412481048
2000,1.8078936592563066
2001,-0.2190469858544029
2002,1.8078936592563066
2003,0.3463788928740021
2004,-0.10198930474294335
2005,-0.3276680227880392
2006,-0.763038118044303
2007,0.14272580728632672
2008,0.060817408671629374
2009,0.9137370795482141
2010,1.8078936592563066
2011,-1.669517250494468
2012,-0.7111996120806794
2013,0.44200930938903693
2014,0.06635707775662503
2015,0.060817408671629374
2016,1.2150880406787241
2017,1.8078936592563066
2018,1.113011527247124
2019,0.2989492718850181
2020,-0.4694603115467434
2021,1.8078936592563066
2022,-1.669517250494468
2023,-0.763038118044303
2024,0.6522519096622411
2025,-0.763038118044303
2026,0.3463788928740021
2027,-0.2190469858544029
2028,0.9137370795482141
2029,-0.763038118044303
2030,-1.669517250494468
2031,0.7882258287869272
2032,-0.7111996120806794
2033,-0.10457806568399035
2034,0.060817408671629374
2035,-0.2965511157759392
2036,-0.4908535789546552
2037,1.113011527247124
2038,1.113011527247124
2039,1.8078936592563066
2040,0.9137370795482141
2041,0.060817408671629374
2042,0.2648747338504398
2043,-0.1753736591855574
2044,-0.10198930474294335
2045,0.6522519096622411
2046,0.060817408671629374
2047,-0.3276680227880392
2048,0.7882258287869272
2049,-1.669517250494468
2050,0.7882258287869272
2051,1.8078936592563066
2052,1.8078936592563066
2053,-0.3276680227880392
2054,-0.36263552743026106
2055,-0.4694603115467434
2056,1.113011527247124
2057,0.2989492718850181
2058,0.6522519096622411
2059,-0.36263552743026106
2060,0.060817408671629374
2061,1.8078936592563066
2062,-0.3276680227880392
2063,-1.1671323348374387
2064,0.2989492718850181
2065,1.8078936592563066
2066,-0.3276680227880392
2067,0.7882258287869272
2068,-0.763038118044303
2069,-0.7847903057244686
2070,-0.7820728301925151
2071,-0.10457806568399035
2072,0.2989492718850181
2073,0.9137370795482141
2074,1.113011527247124
2075,-0.4694603115467434
2076,-0.3276680227880392
2077,0.9137370795482141
2078,-0.2190469858544029
2079,0.2989492718850181
2080,-0.36263552743026106
2081,0.060817408671629374
2082,0.44200930938903693
2083,-0.4908535789546552
2084,0.7882258287869272
2085,-0.763038118044303
2086,0.2989492718850181
2087,-0.4694603115467434
2088,0.9137370795482141
2089,-0.3276680227880392
2090,-0.3276680227880392
2091,0.7882258287869272
2092,0.060817408671629374
2093,-0.0981194263180487
2094,-0.2965511157759392
2095,-0.7847903057244686
2096,-0.36263552743026106
2097,0.6522519096622411
2098,0.6522519096622411
2099,0.6522519096622411
2100,0.9137370795482141
2101,0.6522519096622411
2102,1.2150880406787241
2103,-0.2190469858544029
2104,-1.669517250494468
2105,0.2648747338504398
2106,1.8078936592563066
2107,-1.669517250494468
2108,1.8078936592563066
2109,0.2989492718850181
2110,-0.10457806568399035
2111,1.8078936592563066
2112,-0.4694603115467434
2113,-0.4908535789546552
2114,1.8078936592563066
2115,0.9137370795482141
2116,0.844254623286091
2117,-0.7847903057244686
2118,-0.1753736591855574
2119,0.2989492718850181
2120,-1.669517250494468
2121,-0.03209103544445106
2122,-0.763038118044303
2123,0.037249995280727345
2124,-0.36263552743026106
2125,0.060817408671629374
2126,0.2989492718850181
2127,0.3463788928740021
2128,0.44200930938903693
2129,0.037249995280727345
2130,-1.1671323348374387
2131,0.007695948652197564
2132,-0.3276680227880392
2133,0.22735638736790056
2134,-0.763038118044303
2135,0.7882258287869272
2136,1.8078936592563066
2137,-0.7820728301925151
2138,0.844254623286091
2139,0.7882258287869272
2140,-0.03209103544445106
2141,-1.669517250494468
2142,-0.10198930474294335
2143,-0.763038118044303
2144,0.4302588465221482
2145,0.7882258287869272
2146,1.2150880406787241
2147,-0.10457806568399035
2148,-0.7820728301925151
2149,-0.10198930474294335
2150,0.7882258287869272
2151,0.44200930938903693
2152,-0.36263552743026106
2153,1.8078936592563066
2154,0.007695948652197564
2155,-0.4694603115467434
2156,0.6522519096622411
2157,0.44200930938903693
2158,0.2989492718850181
2159,0.7882258287869272
2160,-0.10198930474294335
2161,0.14272580728632672
2162,0.060817408671629374
2163,0.44200930938903693
2164,1.8078936592563066
2165,1.8078936592563066
2166,0.3463788928740021
2167,0.7882258287869272
2168,-1.669517250494468
2169,0.14272580728632672
2170,-0.10198930474294335
2171,-0.4908535789546552
2172,1.113011527247124
2173,0.3463788928740021
2174,0.06635707775662503
2175,0.44200930938903693
2176,-0.0981194263180487
2177,0.2989492718850181
2178,-0.2418642123909052
2179,-0.1753736591855574
2180,-0.10198930474294335
2181,1.113011527247124
2182,0.060817408671629374
2183,-0.2965511157759392
2184,-0.3276680227880392
2185,1.8078936592563066
2186,0.060817408671629374
2187,0.6522519096622411
2188,-0.36263552743026106
2189,-0.2418642123909052
2190,-0.3276680227880392
2191,-0.7820728301925151
2192,-1.669517250494468
2193,-0.36263552743026106
2194,-1.1671323348374387
2195,-0.7111996120806794
2196,-0.10198930474294335
2197,0.7882258287869272
2198,-0.7820728301925151
2199,-1.669517250494468
2200,-0.021134639118746627
2201,1.1762833122787961
2202,-0.06817738351965674
2203,-0.021134639118746627
2204,-0.06817738351965674
2205,-0.021134639118746627
2206,-0.06817738351965674
2207,-0.021134639118746627
2208,-0.06817738351965674
2209,0.9123285364552648
2210,-0.06817738351965674
2211,-0.021134639118746627
2212,0.28377435805533735
2213,-0.021134639118746627
2214,-0.021134639118746627
2215,-0.03616829535018231
2216,-0.06817738351965674
2217,-0.06817738351965674
2218,-0.06817738351965674
2219,-0.27667875647459905
2220,-0.021134639118746627
2221,-0.06817738351965674
2222,-0.03616829535018231
2223,-0.06817738351965674
2224,-0.021134639118746627
2225,-0.06817738351965674
2226,-0.06817738351965674
2227,-0.06817738351965674
2228,-0.021134639118746627
2229,-0.06817738351965674
2230,-0.27667875647459905
2231,-0.06817738351965674
2232,-0.06817738351965674
2233,-0.021134639118746627
2234,-0.021134639118746627
2235,-0.06817738351965674
2236,-0.03616829535018231
2237,1.1762833122787961
2238,-0.021134639118746627
2239,0.28377435805533735
2240,0.28377435805533735
2241,-0.021134639118746627
2242,-0.27667875647459905
2243,0.28377435805533735
2244,-0.021134639118746627
2245,-0.06817738351965674
2246,-0.021134639118746627
2247,-0.06817738351965674
2248,-0.021134639118746627
2249,-0.06817738351965674
2250,-0.021134639118746627
2251,-0.021134639118746627
2252,-0.27667875647459905
2253,-0.06817738351965674
2254,-0.021134639118746627
2255,-0.06817738351965674
2256,-0.06817738351965674
2257,-0.06817738351965674
2258,-0.021134639118746627
2259,-0.06817738351965674
2260,-0.021134639118746627
2261,-0.021134639118746627
2262,-0.9353548943094732
2263,-0.27667875647459905
2264,-0.06817738351965674
2265,-0.06817738351965674
2266,0.28377435805533735
2267,0.18577260712656732
2268,-0.021134639118746627
2269,-0.06817738351965674
2270,-0.06817738351965674
2271,-0.06817738351965674
2272,-0.06817738351965674
2273,-0.021134639118746627
2274,-0.06817738351965674
2275,-0.06817738351965674
2276,-0.021134639118746627
2277,0.28377435805533735
2278,-0.021134639118746627
2279,-0.06817738351965674
2280,-0.021134639118746627
2281,-0.06817738351965674
2282,-0.06817738351965674
2283,-0.06817738351965674
2284,-0.021134639118746627
2285,-0.021134639118746627
2286,-0.06817738351965674
2287,-0.021134639118746627
2288,-0.021134639118746627
2289,-0.021134639118746627
2290,-0.021134639118746627
2291,-0.021134639118746627
2292,-0.06817738351965674
2293,0.28377435805533735
2294,-0.06817738351965674
2295,-0.43677365108724175
2296,-0.06817738351965674
2297,-0.021134639118746627
2298,0.3316280296434894
2299,-0.021134639118746627
2300,-0.021134639118746627
2301,-0.06817738351965674
2302,-0.06817738351965674
2303,-0.021134639118746627
2304,-0.06817738351965674
2305,0.28377435805533735
2306,-0.021134639118746627
2307,-0.021134639118746627
2308,-0.03616829535018231
2309,-0.021134639118746627
2310,-0.021134639118746627
2311,0.28377435805533735
2312,0.28377435805533735
2313,-0.06817738351965674
2314,-0.06817738351965674
2315,-0.06817738351965674
2316,-0.021134639118746627
2317,-0.27667875647459905
2318,0.18577260712656732
2319,-0.021134639118746627
2320,-0.06817738351965674
2321,-0.06817738351965674
2322,-0.06817738351965674
2323,-0.021134639118746627
2324,0.28377435805533735
2325,-0.06817738351965674
2326,-0.06817738351965674
2327,-0.021134639118746627
2328,-0.021134639118746627
2329,-0.06817738351965674
2330,-0.021134639118746627
2331,0.18577260712656732
2332,0.28377435805533735
2333,-0.021134639118746627
2334,-0.27667875647459905
2335,-0.27667875647459905
2336,-0.06817738351965674
2337,-0.021134639118746627
2338,-0.06817738351965674
2339,-0.021134639118746627
2340,-0.06817738351965674
2341,-0.021134639118746627
2342,0.28377435805533735
2343,-0.021134639118746627
2344,-0.021134639118746627
2345,0.28377435805533735
2346,-0.021134639118746627
2347,0.28377435805533735
2348,-0.021134639118746627
2349,-0.06817738351965674
2350,-0.021134639118746627
2351,-0.021134639118746627
2352,-0.021134639118746627
2353,-0.03616829535018231
2354,-0.06817738351965674
2355,-0.06817738351965674
2356,-0.06817738351965674
2357,-0.06817738351965674
2358,-0.06817738351965674
2359,-0.021134639118746627
2360,-0.021134639118746627
2361,-0.021134639118746627
2362,-0.021134639118746627
2363,-0.06817738351965674
2364,-0.06817738351965674
2365,-0.06817738351965674
2366,-0.06817738351965674
2367,-0.021134639118746627
2368,-0.021134639118746627
2369,-0.06817738351965674
2370,-0.021134639118746627
2371,-0.27667875647459905
2372,-0.06817738351965674
2373,-0.03616829535018231
2374,-0.06817738351965674
2375,0.18577260712656732
2376,-0.021134639118746627
2377,-0.06817738351965674
2378,-0.021134639118746627
2379,0.18577260712656732
2380,-0.06817738351965674
2381,-0.06817738351965674
2382,-0.06817738351965674
2383,-0.06817738351965674
2384,-0.06817738351965674
2385,-0.021134639118746627
2386,-0.021134639118746627
2387,-0.06817738351965674
2388,-0.27667875647459905
2389,0.28377435805533735
2390,-0.021134639118746627
2391,-0.06817738351965674
2392,-0.06817738351965674
2393,-0.021134639118746627
2394,-0.06817738351965674
2395,-0.06817738351965674
2396,-0.021134639118746627
2397,-0.06817738351965674
2398,-0.021134639118746627
2399,-0.43677365108724175
2400,-1.114247890639869
2401,-0.47048262433472415
2402,0.5073168080771644
2403,0.38754539713026204
2404,-0.569839167387212
2405,-1.114247890639869
2406,-0.569839167387212
2407,-0.569839167387212
2408,-0.6433049057488217
2409,-0.569839167387212
2410,-1.114247890639869
2411,-0.47048262433472415
2412,0.8122238195603977
2413,-1.114247890639869
2414,2.1180330959304525
2415,-0.6433049057488217
2416,-0.569839167387212
2417,-0.569839167387212
2418,0.21570191373564204
2419,-0.2445045581061447
2420,2.7833740129380504
2421,-0.569839167387212
2422,1.8718647629598444
2423,-0.6433049057488217
2424,-0.569839167387212
2425,-1.2896489153953061
2426,-0.47048262433472415
2427,-1.114247890639869
2428,-0.3711769409703419
2429,-1.114247890639869
2430,0.08043460447273135
2431,-0.2445045581061447
2432,0.6227891189013794
2433,-0.569839167387212
2434,0.1690247428903405
2435,0.2992122108906962
2436,1.1338891583124775
2437,-0.569839167387212
2438,-1.2896489153953061
2439,2.9371249124290166
2440,-0.6433049057488217
2441,-0.47048262433472415
2442,0.5073168080771644
2443,-0.6433049057488217
2444,0.49835583022882
2445,0.16536459469189835
2446,-0.47048262433472415
2447,-0.2445045581061447
2448,0.6227891189013794
2449,0.16536459469189835
2450,-1.3132422045203982
2451,0.5073168080771644
2452,2.7833740129380504
2453,0.6227891189013794
2454,-1.2896489153953061
2455,0.08043460447273135
2456,-0.3711769409703419
2457,-0.47048262433472415
2458,-0.7784434649753255
2459,-0.569839167387212
2460,-1.2896489153953061
2461,0.5073168080771644
2462,-0.9925171190961745
2463,0.08043460447273135
2464,-0.7784434649753255
2465,0.6227891189013794
2466,-0.690308141160758
2467,1.8718647629598444
2468,0.08043460447273135
2469,-0.908868338920542
2470,1.1338891583124775
2471,-1.2896489153953061
2472,-0.3711769409703419
2473,0.21570191373564204
2474,1.8718647629598444
2475,-0.3711769409703419
2476,0.8122238195603977
2477,-0.3711769409703419
2478,-0.569839167387212
2479,0.08043460447273135
2480,0.2992122108906962
2481,1.463277821015875
2482,-0.569839167387212
2483,-0.2445045581061447
2484,0.6227891189013794
2485,1.6803717450591715
2486,-0.6433049057488217
2487,2.9371249124290166
2488,-0.3711769409703419
2489,1.8718647629598444
2490,0.08043460447273135
2491,-0.6433049057488217
2492,-1.3132422045203982
2493,0.6227891189013794
2494,-0.569839167387212
2495,-0.7784434649753255
2496,-0.47048262433472415
2497,-0.7784434649753255
2498,0.6227891189013794
2499,-0.6433049057488217
2500,0.5073168080771644
2501,-1.114247890639869
2502,0.6227891189013794
2503,-0.47048262433472415
2504,-0.569839167387212
2505,0.5073168080771644
2506,2.1180330959304525
2507,0.08043460447273135
2508,0.21570191373564204
2509,-1.2896489153953061
2510,0.2992122108906962
2511,0.487992264543343
2512,-0.9925171190961745
2513,-0.2445045581061447
2514,-0.7784434649753255
2515,-0.569839167387212
2516,-1.114247890639869
2517,-0.2445045581061447
2518,0.5073168080771644
2519,-0.9925171190961745
2520,0.21570191373564204
2521,-0.9925171190961745
2522,0.1690247428903405
2523,-0.47048262433472415
2524,-1.2423530775853424
2525,-0.2445045581061447
2526,0.08043460447273135
2527,-0.6433049057488217
2528,0.5073168080771644
2529,0.08043460447273135
2530,-0.47048262433472415
2531,0.5073168080771644
2532,-0.7784434649753255
2533,-0.47048262433472415
2534,-0.569839167387212
2535,0.9259538585763436
2536,0.5073168080771644
2537,0.38754539713026204
2538,3.59262044203541
2539,0.6227891189013794
2540,-0.043140476837333824
2541,-0.47048262433472415
2542,-0.6433049057488217
2543,-0.569839167387212
2544,-0.7784434649753255
2545,0.5073168080771644
2546,0.16536459469189835
2547,-0.6433049057488217
2548,0.6227891189013794
2549,-0.2445045581061447
2550,-0.908868338920542
2551,0.08043460447273135
2552,2.344551031627298
2553,1.1338891583124775
2554,-0.47048262433472415
2555,-0.7784434649753255
2556,-0.3711769409703419
2557,-0.7784434649753255
2558,-1.2896489153953061
2559,0.5073168080771644
2560,-0.569839167387212
2561,0.5073168080771644
2562,-0.569839167387212
2563,1.1338891583124775
2564,-0.7784434649753255
2565,1.8718647629598444
2566,-0.2445045581061447
2567,-0.47048262433472415
2568,0.38754539713026204
2569,-0.2445045581061447
2570,-0.47048262433472415
2571,2.7833740129380504
2572,1.6803717450591715
2573,-0.569839167387212
2574,-0.569839167387212
2575,-0.9925171190961745
2576,-0.569839167387212
2577,0.8122238195603977
2578,0.16536459469189835
2579,-0.569839167387212
2580,0.8122238195603977
2581,0.5073168080771644
2582,-0.47048262433472415
2583,-0.3711769409703419
2584,-0.569839167387212
2585,0.5073168080771644
2586,-0.7784434649753255
2587,-0.569839167387212
2588,-0.569839167387212
2589,-0.2445045581061447
2590,-0.47048262433472415
2591,1.1338891583124775
2592,-0.7784434649753255
2593,-0.3906900546467105
2594,-0.7784434649753255
2595,-1.2423530775853424
2596,0.5073168080771644
2597,2.344551031627298
2598,-0.47048262433472415
2599,-1.2896489153953061
